date,book,author,digest_kb,quotes_total,quotes_passed,quotes_rate,numbers_total,numbers_found,judge,ideas_count,final_words,time_min

2026-08-01 17:13,Адам_Смит_Богатство_народов_ПОЛНЫЙ_ТЕКСТ,Адам,67.8,13,11,0.846,4,2,0,2019,1.4

2026-08-01 18:09,Адам_Смит_Богатство_народов_ПОЛНЫЙ_ТЕКСТ,Адам,67.8,13,11,0.846,4,2,qwen3.5:latest,0,2019,3.32026-08-01 18:33,Адам_Смит_Богатство_народов_ПОЛНЫЙ_ТЕКСТ,Адам,67.8,12,11,0.917,1,1,qwen3.5:latest,0,2166,4.0
2026-08-02 00:48,Майкл_Портер_Конкурентная_стратегия,Майкл Портер,67.8,13,9,0.692,12,2,qwen3.5:latest,0,2099,8.3
2026-08-02 00:56,Марк_Гоулстон_Я_слышу_вас_насквозь,Марк Гоулстон,67.8,21,18,0.857,0,0,qwen3.5:latest,0,2126,7.4
2026-08-02 01:04,Аарон_Бек_КПТ_расстройств_личности,Аарон Бек,67.8,15,12,0.8,1,1,qwen3.5:latest,0,2178,8.2
2026-08-02 11:10,Анджела_Дакворт_Твёрдость_характера,Анджела Дакворт,67.8,14,11,0.786,1,0,qwen3.5:latest,0,1838,7.9
2026-08-02 11:18,Даниэль_Канеман_Думай_медленно,Даниэль Канеман,67.8,13,12,0.923,1,1,qwen3.5:latest,0,2227,7.7
2026-08-02 11:29,Джордан_Питерсон_12_правил_жизни,Джордан Питерсон,67.8,15,14,0.933,1,1,qwen3.5:latest,0,2188,11.4
2026-08-02 11:36,Дэвид_Бёрнс_Терапия_настроения,Дэвид Бёрнс,67.8,19,19,1.0,2,2,qwen3.5:latest,0,1972,6.6
2026-08-02 11:41,Ирвин_Ялом_Экзистенциальная_психотерапия,Ирвин Ялом,67.8,6,2,0.333,1,1,qwen3.5:latest,7,1179,5.1
2026-08-02 11:51,Келли_Макгонигал_Сила_воли,Келли Макгонигал,67.8,15,7,0.467,0,0,qwen3.5:latest,0,1632,9.7
2026-08-02 11:58,Кэрол_Дуэк_Гибкое_сознание,Кэрол Дуэк,67.8,15,15,1.0,0,0,qwen3.5:latest,0,1799,7.2
2026-08-02 12:15,Натаниэль_Бранден_Шесть_столпов_самооценки,Натаниэль Бранден,67.8,17,16,0.941,0,0,qwen3.5:latest,0,1879,10.4
2026-08-02 12:24,Роберт_Сапольски_Психология_стресса,Роберт Сапольски,67.8,19,15,0.789,2,2,qwen3.5:latest,0,2191,8.6
2026-08-02 12:35,Грег_Маккеон_Эссенциализм,Грег Маккеон,67.8,23,14,0.609,1,1,qwen3.5:latest,0,2976,10.6
2026-08-02 12:41,Джеймс_Клир_Атомные_привычки,Джеймс Клир,67.8,15,14,0.933,5,5,qwen3.5:latest,4,1585,6.2
2026-08-02 12:49,Дэниел_Гоулман_Эмоциональный_интеллект,Дэниел Гоулман,67.8,10,10,1.0,1,1,qwen3.5:latest,0,1720,7.9
2026-08-02 12:56,Михай_Чиксентмихайи_Поток,Михай Чиксентмихайи,67.8,9,9,1.0,2,2,qwen3.5:latest,0,1877,7.3
2026-08-02 13:05,Стивен_Кови_7_навыков,Стивен Кови,67.8,22,16,0.727,1,1,qwen3.5:latest,11,1788,9.2
2026-08-02 13:12,Чарлз_Дахигг_Сила_привычки,Чарлз Дахигг,67.8,15,4,0.267,0,0,qwen3.5:latest,0,1699,6.8
2026-08-02 13:19,Глеб_Архангельский_Организация_времени,Глеб Архангельский,67.8,33,32,0.97,1,1,qwen3.5:latest,0,1841,7.2
2026-08-02 13:26,Дэвид_Аллен_Как_привести_дела_в_порядок,Дэвид Аллен,67.8,21,20,0.952,0,0,qwen3.5:latest,7,1801,6.4
2026-08-02 13:29,Морган_Хаузел_Психология_денег,Морган Хаузел,67.8,9,4,0.444,1,1,qwen3.5:latest,0,1287,2.8
2026-08-02 13:39,Питер_Бернстайн_Против_богов,Питер Бернстайн,67.8,18,2,0.111,9,9,qwen3.5:latest,0,2546,10.0
2026-08-02 13:47,Ха_Джун_Чанг_Как_устроена_экономика,Ха-Джун Чанг,67.8,13,10,0.769,5,5,qwen3.5:latest,0,2210,8.3
2026-08-02 13:54,Эдвин_Лефевр_Воспоминания_биржевого_спекулянта,Эдвин Лефевр,67.8,15,14,0.933,4,4,qwen3.5:latest,0,1699,6.9
2026-08-02 14:57,Ирвин_Ялом_Экзистенциальная_психотерапия,Ирвин Ялом,67.8,1,1,1.0,0,0,qwen3.5:latest,0,975,3.1
2026-08-02 15:04,Чарлз_Дахигг_Сила_привычки,Чарлз Дахигг,67.8,13,8,0.615,1,0,qwen3.5:latest,0,2118,7.1
2026-08-02 15:07,Морган_Хаузел_Психология_денег,Морган Хаузел,67.8,4,2,0.5,0,0,qwen3.5:latest,6,1207,2.9
2026-08-02 15:16,Питер_Бернстайн_Против_богов,Питер Бернстайн,67.8,6,3,0.5,11,11,qwen3.5:latest,0,2148,9.2
2026-08-02 16:02,Ирвин_Ялом_Экзистенциальная_психотерапия,Ирвин Ялом,67.8,11,7,0.636,14,14,qwen3.5:latest,0,2176,9.7
2026-08-02 16:05,Морган_Хаузел_Психология_денег,Морган Хаузел,67.8,3,0,0.0,13,13,qwen3.5:latest,0,2415,3.0
2026-08-02 16:07,Чарлз_Дахигг_Сила_привычки,Чарлз Дахигг,67.8,7,0,0.0,13,1,qwen3.5:latest,0,2415,2.0
2026-08-02 16:10,Питер_Бернстайн_Против_богов,Питер Бернстайн,67.8,3,0,0.0,13,8,qwen3.5:latest,0,2415,2.5
2026-08-02 16:20,Чарлз_Дахигг_Сила_привычки,Чарлз Дахигг,67.8,17,11,0.647,2,2,qwen3.5:latest,0,1958,7.6
2026-08-02 16:21,Морган_Хаузел_Психология_денег,Морган Хаузел,67.8,5,2,0.4,0,0,qwen3.5:latest,0,860,1.5
2026-08-02 16:46,Питер_Бернстайн_Против_богов,Питер,67.8,11,8,0.727,5,5,qwen3.5:latest,0,1732,9.9
2026-08-19 23:08,Опасные_желания,Зигмунд Фрейд,67.8,9,0,0.0,5,1,qwen3.5:latest,0,1732,6.4
2026-08-19 23:16,Опасные_желания,Зигмунд Фрейд,67.8,15,15,1.0,0,0,qwen3.5:latest,0,1873,6.9
